<?xml version="1.0" encoding="UTF-8"?>
<configuration>

	<appender name="FILE" class="ch.qos.logback.core.FileAppender">
		<file>${hrjmods.log.dir}/dsnReloader.log</file>
		<append>true</append>
		<!-- encoders are assigned the type ch.qos.logback.classic.encoder.PatternLayoutEncoder 
			by default -->
		<encoder>
			<pattern>%d{dd/MM/yyyy-HH:mm:ss.SSS} %-4relative [%thread] %-5level %logger{35} - %msg%n
			</pattern>
		</encoder>
	</appender>

	<root level="info">
		<appender-ref ref="FILE" />
	</root>
</configuration>